Annee,AgeQ80,Sexe,PartPopulationMoyenne
1983,05-09 ans,1,-0.119788730265221
1983,05-09 ans,2,0.125540070341405
1983,10-14 ans,1,-0.121148754404158
1983,10-14 ans,2,0.12799480536398
1983,15-19 ans,1,-0.11611507336269
1983,15-19 ans,2,0.119924701634438
1983,20-24 ans,1,-0.0986842112845379
1983,20-24 ans,2,0.0926999628506659
1983,25-29 ans,1,-0.0858571421967433
1983,25-29 ans,2,0.0823021207811959
1983,30-34 ans,1,-0.0704073532632544
1983,30-34 ans,2,0.0688054467816036
1983,35-39 ans,1,-0.0602575555797466
1983,35-39 ans,2,0.055879327692229
1983,40-44 ans,1,-0.0522658738984891
1983,40-44 ans,2,0.0475788504335815
1983,45-49 ans,1,-0.0430187828571496
1983,45-49 ans,2,0.0396869824059533
1983,50-54 ans,1,-0.0349562225663125
1983,50-54 ans,2,0.0321370794402815
1983,55-59 ans,1,-0.0247844633985357
1983,55-59 ans,2,0.0248273323783488
1983,60-64 ans,1,-0.0168400021098391
1983,60-64 ans,2,0.0170663628352148
1983,65-69 ans,1,-0.0125552717095963
1983,65-69 ans,2,0.013721090313377
1983,70-74 ans,1,-0.00844763538906101
1983,70-74 ans,2,0.00965314138177602
1983,75-79 ans,1,-0.00398472243904475
1983,75-79 ans,2,0.00572836767548357
1983,80 ans et plus,1,-0.0025527184149325
1983,80 ans et plus,2,0.00326587782173606
1983,Moins de 5 ans,1,-0.128335486860687
1983,Moins de 5 ans,2,0.13318847986873
1984,05-09 ans,1,-0.118874131693391
1984,05-09 ans,2,0.123065324965626
1984,10-14 ans,1,-0.118583960817387
1984,10-14 ans,2,0.126756848449733
1984,15-19 ans,1,-0.115679215918074
1984,15-19 ans,2,0.121140034628661
1984,20-24 ans,1,-0.102793739729769
1984,20-24 ans,2,0.0954348468463286
1984,25-29 ans,1,-0.0864898076678118
1984,25-29 ans,2,0.0839981263579488
1984,30-34 ans,1,-0.0730746594483261
1984,30-34 ans,2,0.0709583835058269
1984,35-39 ans,1,-0.0609223113756139
1984,35-39 ans,2,0.0572079669817093
1984,40-44 ans,1,-0.0543589207082814
1984,40-44 ans,2,0.0489072405900553
1984,45-49 ans,1,-0.042886140221347
1984,45-49 ans,2,0.0398120534665557
1984,50-54 ans,1,-0.0371556247968022
1984,50-54 ans,2,0.0343423105545024
1984,55-59 ans,1,-0.0252413814447609
1984,55-59 ans,2,0.0249350675214602
1984,60-64 ans,1,-0.0181698623817586
1984,60-64 ans,2,0.0182783905453427
1984,65-69 ans,1,-0.012240531963953
1984,65-69 ans,2,0.0133035476203779
1984,70-74 ans,1,-0.00919754320791096
1984,70-74 ans,2,0.0102430746572102
1984,75-79 ans,1,-0.00420408613544188
1984,75-79 ans,2,0.00617595697240149
1984,80 ans et plus,1,-0.00298683439652233
1984,80 ans et plus,2,0.00390371435071292
1984,Moins de 5 ans,1,-0.117141248092848
1984,Moins de 5 ans,2,0.121537111985549
1985,05-09 ans,1,-0.116913574945732
1985,05-09 ans,2,0.120605257877147
1985,10-14 ans,1,-0.115863214796392
1985,10-14 ans,2,0.12380684740765
1985,15-19 ans,1,-0.114750246240645
1985,15-19 ans,2,0.119430247672352
1985,20-24 ans,1,-0.103153434304907
1985,20-24 ans,2,0.0962038659147786
1985,25-29 ans,1,-0.0863871481211764
1985,25-29 ans,2,0.08474801371058
1985,30-34 ans,1,-0.0744599804061578
1985,30-34 ans,2,0.0730136441905827
1985,35-39 ans,1,-0.0620901299745222
1985,35-39 ans,2,0.0580721931550169
1985,40-44 ans,1,-0.053176998117875
1985,40-44 ans,2,0.0483588607440914
1985,45-49 ans,1,-0.0439112710598153
1985,45-49 ans,2,0.0406797261137671
1985,50-54 ans,1,-0.0372105183945265
1985,50-54 ans,2,0.0339995936131978
1985,55-59 ans,1,-0.0261375766117923
1985,55-59 ans,2,0.024606852481708
1985,60-64 ans,1,-0.0188209483436347
1985,60-64 ans,2,0.0196695143736652
1985,65-69 ans,1,-0.0120078225628075
1985,65-69 ans,2,0.0134254320922225
1985,70-74 ans,1,-0.00930904836872361
1985,70-74 ans,2,0.0102551334815082
1985,75-79 ans,1,-0.00432303396058273
1985,75-79 ans,2,0.00638003905075981
1985,80 ans et plus,1,-0.00324566264156112
1985,80 ans et plus,2,0.00440555321266208
1985,Moins de 5 ans,1,-0.118239391149148
1985,Moins de 5 ans,2,0.122339224908312
1986,05-09 ans,1,-0.117253788993829
1986,05-09 ans,2,0.120445826783075
1986,10-14 ans,1,-0.112133988004689
1986,10-14 ans,2,0.119103896472996
1986,15-19 ans,1,-0.114703356741128
1986,15-19 ans,2,0.118589802812007
1986,20-24 ans,1,-0.103248878796607
1986,20-24 ans,2,0.0973944599696778
1986,25-29 ans,1,-0.0845029002860405
1986,25-29 ans,2,0.0825391108393097
1986,30-34 ans,1,-0.078551937712161
1986,30-34 ans,2,0.0771583634614552
1986,35-39 ans,1,-0.060136009208737
1986,35-39 ans,2,0.0571102700351913
1986,40-44 ans,1,-0.0536828846976232
1986,40-44 ans,2,0.0495027284228638
1986,45-49 ans,1,-0.0442946322163031
1986,45-49 ans,2,0.0408899493702448
1986,50-54 ans,1,-0.0374573101582543
1986,50-54 ans,2,0.0343183820546762
1986,55-59 ans,1,-0.0267572215121024
1986,55-59 ans,2,0.0245297600233796
1986,60-64 ans,1,-0.0194078431290403
1986,60-64 ans,2,0.0204849665258604
1986,65-69 ans,1,-0.0119287303256911
1986,65-69 ans,2,0.0129635350879453
1986,70-74 ans,1,-0.00935356960611171
1986,70-74 ans,2,0.0104135895556645
1986,75-79 ans,1,-0.00467632114430188
1986,75-79 ans,2,0.00658826673907281
1986,80 ans et plus,1,-0.00329464206567543
1986,80 ans et plus,2,0.00449389674728505
1986,Moins de 5 ans,1,-0.118615985401706
1986,Moins de 5 ans,2,0.123473195099296
1987,05-09 ans,1,-0.116320695845653
1987,05-09 ans,2,0.119061349127248
1987,10-14 ans,1,-0.109640800177592
1987,10-14 ans,2,0.114203921343833
1987,15-19 ans,1,-0.111309479726659
1987,15-19 ans,2,0.114884720721153
1987,20-24 ans,1,-0.105241201815942
1987,20-24 ans,2,0.0998802866751174
1987,25-29 ans,1,-0.0848258920137079
1987,25-29 ans,2,0.0845177893641872
1987,30-34 ans,1,-0.0787802878587684
1987,30-34 ans,2,0.0767000238390667
1987,35-39 ans,1,-0.0623228201251589
1987,35-39 ans,2,0.0603626110272617
1987,40-44 ans,1,-0.0532120209644467
1987,40-44 ans,2,0.0489148827467533
1987,45-49 ans,1,-0.0448184201814374
1987,45-49 ans,2,0.041276428849524
1987,50-54 ans,1,-0.0373135094562703
1987,50-54 ans,2,0.0343437066512167
1987,55-59 ans,1,-0.0272890753015478
1987,55-59 ans,2,0.0255902981680394
1987,60-64 ans,1,-0.0203913541173187
1987,60-64 ans,2,0.020309211823388
1987,65-69 ans,1,-0.0118932117204428
1987,65-69 ans,2,0.0133507873160078
1987,70-74 ans,1,-0.00903832918952178
1987,70-74 ans,2,0.0102966129192927
1987,75-79 ans,1,-0.00523112257492665
1987,75-79 ans,2,0.00646534298481023
1987,80 ans et plus,1,-0.00312649053530059
1987,80 ans et plus,2,0.00498676976981333
1987,Moins de 5 ans,1,-0.119245288395305
1987,Moins de 5 ans,2,0.124855256673287
1988,05-09 ans,1,-0.116099574298378
1988,05-09 ans,2,0.11907990719872
1988,10-14 ans,1,-0.107140289866204
1988,10-14 ans,2,0.111525027183957
1988,15-19 ans,1,-0.10736240163354
1988,15-19 ans,2,0.110968569153425
1988,20-24 ans,1,-0.104190398249209
1988,20-24 ans,2,0.100822072740495
1988,25-29 ans,1,-0.0882677948331615
1988,25-29 ans,2,0.0868862694810214
1988,30-34 ans,1,-0.0789559606769893
1988,30-34 ans,2,0.0761042317908752
1988,35-39 ans,1,-0.0629904052551881
1988,35-39 ans,2,0.0616684446170404
1988,40-44 ans,1,-0.053603212134485
1988,40-44 ans,2,0.0493495320520014
1988,45-49 ans,1,-0.045572032036426
1988,45-49 ans,2,0.0417436559114845
1988,50-54 ans,1,-0.0368913072424466
1988,50-54 ans,2,0.0342842531126959
1988,55-59 ans,1,-0.028718200760837
1988,55-59 ans,2,0.0266872248981292
1988,60-64 ans,1,-0.0202960484545361
1988,60-64 ans,2,0.0203164900280051
1988,65-69 ans,1,-0.0124481656638358
1988,65-69 ans,2,0.0135198902773768
1988,70-74 ans,1,-0.00866487493670084
1988,70-74 ans,2,0.0104525522332325
1988,75-79 ans,1,-0.00542515095814986
1988,75-79 ans,2,0.00656774051779464
1988,80 ans et plus,1,-0.00312240312550894
1988,80 ans et plus,2,0.00509021138682342
1988,Moins de 5 ans,1,-0.120251779874403
1988,Moins de 5 ans,2,0.124933927416922
1989,05-09 ans,1,-0.118301783980588
1989,05-09 ans,2,0.120257252023595
1989,10-14 ans,1,-0.10465070137752
1989,10-14 ans,2,0.108515517220892
1989,15-19 ans,1,-0.10394179758277
1989,15-19 ans,2,0.109325660396666
1989,20-24 ans,1,-0.102981413055461
1989,20-24 ans,2,0.0992550044172355
1989,25-29 ans,1,-0.089655642668317
1989,25-29 ans,2,0.0887477431516776
1989,30-34 ans,1,-0.0797058175000712
1989,30-34 ans,2,0.0768522038762432
1989,35-39 ans,1,-0.0645085230157019
1989,35-39 ans,2,0.0631860540874696
1989,40-44 ans,1,-0.0536999739226345
1989,40-44 ans,2,0.0499878658299439
1989,45-49 ans,1,-0.0468604204755794
1989,45-49 ans,2,0.0422326683372097
1989,50-54 ans,1,-0.0363189675808037
1989,50-54 ans,2,0.0340958685931213
1989,55-59 ans,1,-0.0298852912643202
1989,55-59 ans,2,0.0279119488021547
1989,60-64 ans,1,-0.0202172875022136
1989,60-64 ans,2,0.0200217197045088
1989,65-69 ans,1,-0.0130928172908297
1989,65-69 ans,2,0.0141865185222362
1989,70-74 ans,1,-0.00827213589340137
1989,70-74 ans,2,0.00981254437663557
1989,75-79 ans,1,-0.0054389620754489
1989,75-79 ans,2,0.0067648455631531
1989,80 ans et plus,1,-0.00324270614196141
1989,80 ans et plus,2,0.00526225801328819
1989,Moins de 5 ans,1,-0.119225758672378
1989,Moins de 5 ans,2,0.12358432708397
1990,05-09 ans,1,-0.118595936066418
1990,05-09 ans,2,0.121065802598316
1990,10-14 ans,1,-0.104015233498874
1990,10-14 ans,2,0.106306807403928
1990,15-19 ans,1,-0.102034931562449
1990,15-19 ans,2,0.10872671007155
1990,20-24 ans,1,-0.101430101104857
1990,20-24 ans,2,0.0970422402453042
1990,25-29 ans,1,-0.0896256045929925
1990,25-29 ans,2,0.089442476622203
1990,30-34 ans,1,-0.0803620874811873
1990,30-34 ans,2,0.0777628743927623
1990,35-39 ans,1,-0.0664228399049779
1990,35-39 ans,2,0.0655187781615149
1990,40-44 ans,1,-0.0545157081800276
1990,40-44 ans,2,0.0503733034148562
1990,45-49 ans,1,-0.0463298960166895
1990,45-49 ans,2,0.042126004006821
1990,50-54 ans,1,-0.0369284923894402
1990,50-54 ans,2,0.0345984145935482
1990,55-59 ans,1,-0.0295238460011914
1990,55-59 ans,2,0.0279279093717892
1990,60-64 ans,1,-0.0211461084038546
1990,60-64 ans,2,0.0198715513544677
1990,65-69 ans,1,-0.0135348183580486
1990,65-69 ans,2,0.0152280675766829
1990,70-74 ans,1,-0.00812535309463485
1990,70-74 ans,2,0.00994672322598462
1990,75-79 ans,1,-0.00532921254819537
1990,75-79 ans,2,0.0069920319839571
1990,80 ans et plus,1,-0.00353473950203884
1990,80 ans et plus,2,0.00539358807940592
1990,Moins de 5 ans,1,-0.118545091294124
1990,Moins de 5 ans,2,0.121676716896909
1991,05-09 ans,1,-0.118114306953275
1991,05-09 ans,2,0.121723116174728
1991,10-14 ans,1,-0.103907146317729
1991,10-14 ans,2,0.106543667033207
1991,15-19 ans,1,-0.100006598934419
1991,15-19 ans,2,0.104771782574932
1991,20-24 ans,1,-0.100275248361034
1991,20-24 ans,2,0.0977508491402476
1991,25-29 ans,1,-0.0902755142274312
1991,25-29 ans,2,0.0891523768110693
1991,30-34 ans,1,-0.0789656253838833
1991,30-34 ans,2,0.0767886813673158
1991,35-39 ans,1,-0.0708033659931164
1991,35-39 ans,2,0.0697622375991939
1991,40-44 ans,1,-0.0531804144119315
1991,40-44 ans,2,0.0494194779209408
1991,45-49 ans,1,-0.0465798239756135
1991,45-49 ans,2,0.0429790315141147
1991,50-54 ans,1,-0.0373226280907969
1991,50-54 ans,2,0.0349319626124179
1991,55-59 ans,1,-0.0301321602424468
1991,55-59 ans,2,0.0281211602365927
1991,60-64 ans,1,-0.0214385689190077
1991,60-64 ans,2,0.02014273653165
1991,65-69 ans,1,-0.0139641466242386
1991,65-69 ans,2,0.015829068880296
1991,70-74 ans,1,-0.0082245095523572
1991,70-74 ans,2,0.00963089566133995
1991,75-79 ans,1,-0.00537271088650182
1991,75-79 ans,2,0.00716966973552325
1991,80 ans et plus,1,-0.00356110484716795
1991,80 ans et plus,2,0.00562784570156824
1991,Moins de 5 ans,1,-0.11787612627905
1991,Moins de 5 ans,2,0.119655440504862
1992,05-09 ans,1,-0.11803561303848
1992,05-09 ans,2,0.121132015359863
1992,10-14 ans,1,-0.103719279029494
1992,10-14 ans,2,0.106709827719034
1992,15-19 ans,1,-0.0980115670075982
1992,15-19 ans,2,0.100904744235612
1992,20-24 ans,1,-0.0973978170453096
1992,20-24 ans,2,0.0958065230008352
1992,25-29 ans,1,-0.0916042896611509
1992,25-29 ans,2,0.0901238041645672
1992,30-34 ans,1,-0.0802706241596302
1992,30-34 ans,2,0.0791724794959878
1992,35-39 ans,1,-0.0709968964472827
1992,35-39 ans,2,0.0693941378885752
1992,40-44 ans,1,-0.0555327982871832
1992,40-44 ans,2,0.0525097869703421
1992,45-49 ans,1,-0.0465544463973664
1992,45-49 ans,2,0.0425504154334262
1992,50-54 ans,1,-0.0378936498691765
1992,50-54 ans,2,0.0355058561052256
1992,55-59 ans,1,-0.0305310695854422
1992,55-59 ans,2,0.0280923457874795
1992,60-64 ans,1,-0.0216533871115406
1992,60-64 ans,2,0.0211247205611257
1992,65-69 ans,1,-0.0147181445414758
1992,65-69 ans,2,0.0158570423810021
1992,70-74 ans,1,-0.00821876271412946
1992,70-74 ans,2,0.00993030219551646
1992,75-79 ans,1,-0.00524982485803894
1992,75-79 ans,2,0.0070805773424737
1992,80 ans et plus,1,-0.0037925899734577
1992,80 ans et plus,2,0.00585161605162963
1992,Moins de 5 ans,1,-0.115819240273244
1992,Moins de 5 ans,2,0.118253805307306
1993,05-09 ans,1,-0.118855094556054
1993,05-09 ans,2,0.121986869003882
1993,10-14 ans,1,-0.104658765018868
1993,10-14 ans,2,0.108143341407027
1993,15-19 ans,1,-0.0961707827387165
1993,15-19 ans,2,0.0991173090142901
1993,20-24 ans,1,-0.0937310516711237
1993,20-24 ans,2,0.0935360503316125
1993,25-29 ans,1,-0.0928409321054702
1993,25-29 ans,2,0.0900855822777496
1993,30-34 ans,1,-0.0822339211569249
1993,30-34 ans,2,0.0812306691045774
1993,35-39 ans,1,-0.0716285580913255
1993,35-39 ans,2,0.0695072067348493
1993,40-44 ans,1,-0.0565972821990538
1993,40-44 ans,2,0.0543544997511618
1993,45-49 ans,1,-0.046712083555384
1993,45-49 ans,2,0.0428307736274975
1993,50-54 ans,1,-0.038896814266624
1993,50-54 ans,2,0.0361059912162208
1993,55-59 ans,1,-0.030401912777676
1993,55-59 ans,2,0.0283531053737244
1993,60-64 ans,1,-0.0224723301180573
1993,60-64 ans,2,0.0218778466804205
1993,65-69 ans,1,-0.0151782477386918
1993,65-69 ans,2,0.0159931381088675
1993,70-74 ans,1,-0.00847339511267077
1993,70-74 ans,2,0.0100579531369899
1993,75-79 ans,1,-0.00523231170716815
1993,75-79 ans,2,0.00711448682159945
1993,80 ans et plus,1,-0.00372197079132385
1993,80 ans et plus,2,0.0060553440026771
1993,Moins de 5 ans,1,-0.112194546394868
1993,Moins de 5 ans,2,0.113649833406852
1994,05-09 ans,1,-0.119182840291221
1994,05-09 ans,2,0.121451233036065
1994,10-14 ans,1,-0.107286343593859
1994,10-14 ans,2,0.109459388486722
1994,15-19 ans,1,-0.0939144653726273
1994,15-19 ans,2,0.0970174555073021
1994,20-24 ans,1,-0.0907929798479401
1994,20-24 ans,2,0.092535330204972
1994,25-29 ans,1,-0.0926594275723356
1994,25-29 ans,2,0.0892208741059636
1994,30-34 ans,1,-0.083344721365616
1994,30-34 ans,2,0.0833247643356143
1994,35-39 ans,1,-0.0729040996300172
1994,35-39 ans,2,0.0700332445564026
1994,40-44 ans,1,-0.0580003799073705
1994,40-44 ans,2,0.0559906080361764
1994,45-49 ans,1,-0.0468058425362853
1994,45-49 ans,2,0.0437793810358806
1994,50-54 ans,1,-0.0403401289182296
1994,50-54 ans,2,0.036656020972812
1994,55-59 ans,1,-0.0302048807867012
1994,55-59 ans,2,0.0283936311040659
1994,60-64 ans,1,-0.0234241764047592
1994,60-64 ans,2,0.0231310331327676
1994,65-69 ans,1,-0.0151865500942858
1994,65-69 ans,2,0.0157706038986921
1994,70-74 ans,1,-0.00926209340423319
1994,70-74 ans,2,0.0104687024779521
1994,75-79 ans,1,-0.0050262509882324
1994,75-79 ans,2,0.00681526042022257
1994,80 ans et plus,1,-0.00368341421257916
1994,80 ans et plus,2,0.00635989785721158
1994,Moins de 5 ans,1,-0.107981405073707
1994,Moins de 5 ans,2,0.109592570831177
1995,05-09 ans,1,-0.119498016212148
1995,05-09 ans,2,0.120476621558348
1995,10-14 ans,1,-0.108409452103643
1995,10-14 ans,2,0.111410997405201
1995,15-19 ans,1,-0.093697239839439
1995,15-19 ans,2,0.0953795389438568
1995,20-24 ans,1,-0.0891327412415692
1995,20-24 ans,2,0.0916581424031299
1995,25-29 ans,1,-0.0921019312513533
1995,25-29 ans,2,0.0885858400087068
1995,30-34 ans,1,-0.084190881413508
1995,30-34 ans,2,0.0850604624218999
1995,35-39 ans,1,-0.0735850710716164
1995,35-39 ans,2,0.0708577397491239
1995,40-44 ans,1,-0.0597948950565924
1995,40-44 ans,2,0.0579966047098791
1995,45-49 ans,1,-0.0476126270481408
1995,45-49 ans,2,0.0443818332923151
1995,50-54 ans,1,-0.0400795230363648
1995,50-54 ans,2,0.0367238916208313
1995,55-59 ans,1,-0.0307993603651855
1995,55-59 ans,2,0.0290272005967404
1995,60-64 ans,1,-0.0234762441109311
1995,60-64 ans,2,0.0233477546995128
1995,65-69 ans,1,-0.0162370801097258
1995,65-69 ans,2,0.0159925490488127
1995,70-74 ans,1,-0.00974514288667959
1995,70-74 ans,2,0.0112558247539069
1995,75-79 ans,1,-0.00503156927925768
1995,75-79 ans,2,0.00694557600210532
1995,80 ans et plus,1,-0.00367875473414006
1995,80 ans et plus,2,0.00660800632150236
1995,Moins de 5 ans,1,-0.102929470239705
1995,Moins de 5 ans,2,0.104291416464128
1996,05-09 ans,1,-0.118798564777547
1996,05-09 ans,2,0.118812964735684
1996,10-14 ans,1,-0.108968207683462
1996,10-14 ans,2,0.113176191323601
1996,15-19 ans,1,-0.0939754946408585
1996,15-19 ans,2,0.0959689541971214
1996,20-24 ans,1,-0.0874225294644207
1996,20-24 ans,2,0.0877390291217411
1996,25-29 ans,1,-0.0919072883882806
1996,25-29 ans,2,0.0906606894360807
1996,30-34 ans,1,-0.0856671158186361
1996,30-34 ans,2,0.0858489132079655
1996,35-39 ans,1,-0.0726988581486657
1996,35-39 ans,2,0.0700285739523692
1996,40-44 ans,1,-0.0639040735021083
1996,40-44 ans,2,0.0618673460344462
1996,45-49 ans,1,-0.0465810133546325
1996,45-49 ans,2,0.0438468364628201
1996,50-54 ans,1,-0.040525290285379
1996,50-54 ans,2,0.0377099017409336
1996,55-59 ans,1,-0.0311190547262999
1996,55-59 ans,2,0.0295193057772102
1996,60-64 ans,1,-0.0244704658690228
1996,60-64 ans,2,0.0237324124536698
1996,65-69 ans,1,-0.0166174133206419
1996,65-69 ans,2,0.0163939254331949
1996,70-74 ans,1,-0.0102209023559792
1996,70-74 ans,2,0.0120644104242347
1996,75-79 ans,1,-0.00514602827753804
1996,75-79 ans,2,0.00661025540230625
1996,80 ans et plus,1,-0.00374688909285368
1996,80 ans et plus,2,0.00688815314860135
1996,Moins de 5 ans,1,-0.0982308102936741
1996,Moins de 5 ans,2,0.0991321371480206
1997,05-09 ans,1,-0.11688852786478
1997,05-09 ans,2,0.117120017258279
1997,10-14 ans,1,-0.109614533588189
1997,10-14 ans,2,0.113640571296398
1997,15-19 ans,1,-0.0944819732793073
1997,15-19 ans,2,0.0971653322050597
1997,20-24 ans,1,-0.0847082091514581
1997,20-24 ans,2,0.0836955531815383
1997,25-29 ans,1,-0.0897835656063993
1997,25-29 ans,2,0.0892397155032604
1997,30-34 ans,1,-0.0874268778199605
1997,30-34 ans,2,0.0878765086631862
1997,35-39 ans,1,-0.0749412339530975
1997,35-39 ans,2,0.072488619125826
1997,40-44 ans,1,-0.064169508710113
1997,40-44 ans,2,0.0618292059531079
1997,45-49 ans,1,-0.048725126111613
1997,45-49 ans,2,0.0468862744719453
1997,50-54 ans,1,-0.0408649588442557
1997,50-54 ans,2,0.037663223571512
1997,55-59 ans,1,-0.0318775854486469
1997,55-59 ans,2,0.0301007910807801
1997,60-64 ans,1,-0.0249322149101906
1997,60-64 ans,2,0.0239960894931212
1997,65-69 ans,1,-0.0170722588369067
1997,65-69 ans,2,0.0172120824538293
1997,70-74 ans,1,-0.0107971702889436
1997,70-74 ans,2,0.0123391290613111
1997,75-79 ans,1,-0.00511044155038038
1997,75-79 ans,2,0.00705755604294214
1997,80 ans et plus,1,-0.00393023338947621
1997,80 ans et plus,2,0.00683302555202657
1997,Moins de 5 ans,1,-0.0946755806462819
1997,Moins de 5 ans,2,0.0948563050858765
1998,05-09 ans,1,-0.113172236098909
1998,05-09 ans,2,0.113688321877457
1998,10-14 ans,1,-0.11186921126655
1998,10-14 ans,2,0.114271164389423
1998,15-19 ans,1,-0.0957353678800566
1998,15-19 ans,2,0.0993104661495687
1998,20-24 ans,1,-0.0820579124964637
1998,20-24 ans,2,0.0816320201410455
1998,25-29 ans,1,-0.0871228476107127
1998,25-29 ans,2,0.0875698459699445
1998,30-34 ans,1,-0.0880840698570129
1998,30-34 ans,2,0.088308290134315
1998,35-39 ans,1,-0.0776703011549041
1998,35-39 ans,2,0.0754336778915082
1998,40-44 ans,1,-0.0653984302709151
1998,40-44 ans,2,0.0624829078464491
1998,45-49 ans,1,-0.04994893071133
1998,45-49 ans,2,0.0478897309971178
1998,50-54 ans,1,-0.0411816197577771
1998,50-54 ans,2,0.0385124469889553
1998,55-59 ans,1,-0.0329215417260962
1998,55-59 ans,2,0.0307175751297488
1998,60-64 ans,1,-0.0252097968045495
1998,60-64 ans,2,0.0242298502284522
1998,65-69 ans,1,-0.0178174624608126
1998,65-69 ans,2,0.018063712867077
1998,70-74 ans,1,-0.011034214166828
1998,70-74 ans,2,0.0125651551568016
1998,75-79 ans,1,-0.00518864184471337
1998,75-79 ans,2,0.00730949385170119
1998,80 ans et plus,1,-0.00393003264602916
1998,80 ans et plus,2,0.0070140125864133
1998,Moins de 5 ans,1,-0.0916573832463395
1998,Moins de 5 ans,2,0.0910013277940224
1999,05-09 ans,1,-0.110101457760885
1999,05-09 ans,2,0.109564530624786
1999,10-14 ans,1,-0.111718995058403
1999,10-14 ans,2,0.113505989397041
1999,15-19 ans,1,-0.0975195550999769
1999,15-19 ans,2,0.101200688953139
1999,20-24 ans,1,-0.0797719101936098
1999,20-24 ans,2,0.0800563462251263
1999,25-29 ans,1,-0.0850328579792926
1999,25-29 ans,2,0.0862020648995661
1999,30-34 ans,1,-0.0880558011042405
1999,30-34 ans,2,0.0877985820422212
1999,35-39 ans,1,-0.0789877818311832
1999,35-39 ans,2,0.0782536455711296
1999,40-44 ans,1,-0.0666516688831652
1999,40-44 ans,2,0.063041131213307
1999,45-49 ans,1,-0.0517779306694193
1999,45-49 ans,2,0.0498479415215701
1999,50-54 ans,1,-0.0416860616523171
1999,50-54 ans,2,0.0393694785653006
1999,55-59 ans,1,-0.0343115657379215
1999,55-59 ans,2,0.0315937811319096
1999,60-64 ans,1,-0.0250460860124494
1999,60-64 ans,2,0.0241112574859125
1999,65-69 ans,1,-0.018916194436937
1999,65-69 ans,2,0.0191228104489151
1999,70-74 ans,1,-0.0111302634326707
1999,70-74 ans,2,0.0125570973694242
1999,75-79 ans,1,-0.00575117828050667
1999,75-79 ans,2,0.00774358778153855
1999,80 ans et plus,1,-0.00385289983728901
1999,80 ans et plus,2,0.00711700090086493
1999,Moins de 5 ans,1,-0.089687792029733
1999,Moins de 5 ans,2,0.0889140658682477
2000,05-09 ans,1,-0.105435656846495
2000,05-09 ans,2,0.104804638000746
2000,10-14 ans,1,-0.111611683368089
2000,10-14 ans,2,0.111878588694483
2000,15-19 ans,1,-0.0982971336810145
2000,15-19 ans,2,0.102365180687183
2000,20-24 ans,1,-0.0791735874810843
2000,20-24 ans,2,0.0793250675741348
2000,25-29 ans,1,-0.0833510518597259
2000,25-29 ans,2,0.0851425082266827
2000,30-34 ans,1,-0.0873995151422472
2000,30-34 ans,2,0.0868872493289456
2000,35-39 ans,1,-0.080219679785606
2000,35-39 ans,2,0.080205643787498
2000,40-44 ans,1,-0.067209578381594
2000,40-44 ans,2,0.064776327180869
2000,45-49 ans,1,-0.0537299625009891
2000,45-49 ans,2,0.0520031643557186
2000,50-54 ans,1,-0.0426008218840251
2000,50-54 ans,2,0.0395007182836365
2000,55-59 ans,1,-0.0343487354339746
2000,55-59 ans,2,0.0318672014006345
2000,60-64 ans,1,-0.0261344594611618
2000,60-64 ans,2,0.0247370573037924
2000,65-69 ans,1,-0.0192096686447516
2000,65-69 ans,2,0.0193036315180507
2000,70-74 ans,1,-0.0117244246809999
2000,70-74 ans,2,0.0126816854638968
2000,75-79 ans,1,-0.00634547442180551
2000,75-79 ans,2,0.00838472247762957
2000,80 ans et plus,1,-0.00396406065757222
2000,80 ans et plus,2,0.00751464966770203
2000,Moins de 5 ans,1,-0.0892445057688637
2000,Moins de 5 ans,2,0.0886219660483968
2001,05-09 ans,1,-0.101411253479193
2001,05-09 ans,2,0.101688048880414
2001,10-14 ans,1,-0.110483348142867
2001,10-14 ans,2,0.108945820546009
2001,15-19 ans,1,-0.0987263831348228
2001,15-19 ans,2,0.103630365360848
2001,20-24 ans,1,-0.0795165162589817
2001,20-24 ans,2,0.08036202231359
2001,25-29 ans,1,-0.0812076820393962
2001,25-29 ans,2,0.082581969454008
2001,30-34 ans,1,-0.0871706062719084
2001,30-34 ans,2,0.0870238976800797
2001,35-39 ans,1,-0.0818425885058566
2001,35-39 ans,2,0.0813290744671811
2001,40-44 ans,1,-0.0660549405994786
2001,40-44 ans,2,0.0642974988634639
2001,45-49 ans,1,-0.0578780882815808
2001,45-49 ans,2,0.0558805331078558
2001,50-54 ans,1,-0.0419650830269279
2001,50-54 ans,2,0.0388299797446938
2001,55-59 ans,1,-0.0350577257495951
2001,55-59 ans,2,0.0328099048159847
2001,60-64 ans,1,-0.0265073840377627
2001,60-64 ans,2,0.0255996950021772
2001,65-69 ans,1,-0.0200483878861461
2001,65-69 ans,2,0.0194691758922571
2001,70-74 ans,1,-0.0122964822157636
2001,70-74 ans,2,0.0129855810776616
2001,75-79 ans,1,-0.00665376897756749
2001,75-79 ans,2,0.00882975541867743
2001,80 ans et plus,1,-0.00407422157905395
2001,80 ans et plus,2,0.00765000988764758
2001,Moins de 5 ans,1,-0.0891055398130991
2001,Moins de 5 ans,2,0.0880866674874511
2002,05-09 ans,1,-0.0995296444292451
2002,05-09 ans,2,0.0987099492089859
2002,10-14 ans,1,-0.109103124308451
2002,10-14 ans,2,0.107085624697595
2002,15-19 ans,1,-0.0990191436013304
2002,15-19 ans,2,0.104246279118157
2002,20-24 ans,1,-0.0798504690856119
2002,20-24 ans,2,0.080970243853276
2002,25-29 ans,1,-0.0798055185027591
2002,25-29 ans,2,0.0809219754888896
2002,30-34 ans,1,-0.0854939387830295
2002,30-34 ans,2,0.0849974058269975
2002,35-39 ans,1,-0.0836033384769087
2002,35-39 ans,2,0.0833024280340302
2002,40-44 ans,1,-0.0682861180360581
2002,40-44 ans,2,0.0663155178558402
2002,45-49 ans,1,-0.0581904813238362
2002,45-49 ans,2,0.0560586658781862
2002,50-54 ans,1,-0.0440456352192389
2002,50-54 ans,2,0.0415686204566908
2002,55-59 ans,1,-0.0354168348637122
2002,55-59 ans,2,0.0330003615525041
2002,60-64 ans,1,-0.0275488281210015
2002,60-64 ans,2,0.0262619030402787
2002,65-69 ans,1,-0.0204840218603183
2002,65-69 ans,2,0.01976120027103
2002,70-74 ans,1,-0.0126966613886297
2002,70-74 ans,2,0.0136314307915967
2002,75-79 ans,1,-0.00709388472929425
2002,75-79 ans,2,0.0090788005467897
2002,80 ans et plus,1,-0.00420887515190242
2002,80 ans et plus,2,0.00799422365573788
2002,Moins de 5 ans,1,-0.0856234821186732
2002,Moins de 5 ans,2,0.0860953697234149
2003,05-09 ans,1,-0.0967466254558111
2003,05-09 ans,2,0.0960163807179898
2003,10-14 ans,1,-0.10585369876071
2003,10-14 ans,2,0.10415848487436
2003,15-19 ans,1,-0.101810010722671
2003,15-19 ans,2,0.105517392752689
2003,20-24 ans,1,-0.0801556862390421
2003,20-24 ans,2,0.0817511199556061
2003,25-29 ans,1,-0.0791082038328307
2003,25-29 ans,2,0.0803565144909184
2003,30-34 ans,1,-0.0833311502769047
2003,30-34 ans,2,0.0837792213460629
2003,35-39 ans,1,-0.0847811387327846
2003,35-39 ans,2,0.0841714765395993
2003,40-44 ans,1,-0.0706019411468488
2003,40-44 ans,2,0.0685009818198569
2003,45-49 ans,1,-0.0590338600752632
2003,45-49 ans,2,0.0565181940411331
2003,50-54 ans,1,-0.0458558430550171
2003,50-54 ans,2,0.0429096842604413
2003,55-59 ans,1,-0.0357590548977471
2003,55-59 ans,2,0.0338590029181343
2003,60-64 ans,1,-0.0283784052967731
2003,60-64 ans,2,0.0270513613459546
2003,65-69 ans,1,-0.020895320058101
2003,65-69 ans,2,0.0203289914988741
2003,70-74 ans,1,-0.0133414288917697
2003,70-74 ans,2,0.0143597890991569
2003,75-79 ans,1,-0.00748151484099236
2003,75-79 ans,2,0.00919086654786687
2003,80 ans et plus,1,-0.00453335342175184
2003,80 ans et plus,2,0.00841473801908003
2003,Moins de 5 ans,1,-0.0823327642949822
2003,Moins de 5 ans,2,0.0831157997722763
2004,05-09 ans,1,-0.0953696806076608
2004,05-09 ans,2,0.092915886280325
2004,10-14 ans,1,-0.103113046508999
2004,10-14 ans,2,0.10201694732659
2004,15-19 ans,1,-0.102976389905353
2004,15-19 ans,2,0.104876726048789
2004,20-24 ans,1,-0.0821121185664336
2004,20-24 ans,2,0.0838858978382054
2004,25-29 ans,1,-0.0767813975226768
2004,25-29 ans,2,0.0785315989731706
2004,30-34 ans,1,-0.0817358042284837
2004,30-34 ans,2,0.0826721605336979
2004,35-39 ans,1,-0.0853648377478748
2004,35-39 ans,2,0.083820769170998
2004,40-44 ans,1,-0.0720013902044673
2004,40-44 ans,2,0.0704715143860203
2004,45-49 ans,1,-0.060321398274268
2004,45-49 ans,2,0.057653700848864
2004,50-54 ans,1,-0.0477699751006517
2004,50-54 ans,2,0.044779880854739
2004,55-59 ans,1,-0.0363391794543024
2004,55-59 ans,2,0.035116006079537
2004,60-64 ans,1,-0.0293299241165006
2004,60-64 ans,2,0.0276960087592835
2004,65-69 ans,1,-0.020905316616467
2004,65-69 ans,2,0.0204491000143852
2004,70-74 ans,1,-0.0146842348026976
2004,70-74 ans,2,0.0155635068660182
2004,75-79 ans,1,-0.007477601250837
2004,75-79 ans,2,0.00935356401429574
2004,80 ans et plus,1,-0.00498125819232783
2004,80 ans et plus,2,0.00875418835354852
2004,Moins de 5 ans,1,-0.0787364468999981
2004,Moins de 5 ans,2,0.0814425436515325
2005,05-09 ans,1,-0.0945233634803798
2005,05-09 ans,2,0.0937372231241551
2005,10-14 ans,1,-0.0992647250529673
2005,10-14 ans,2,0.0982333337413401
2005,15-19 ans,1,-0.103833350272236
2005,15-19 ans,2,0.103405296731619
2005,20-24 ans,1,-0.0835943684907265
2005,20-24 ans,2,0.0859888462426136
2005,25-29 ans,1,-0.0762481044254187
2005,25-29 ans,2,0.0776918778710665
2005,30-34 ans,1,-0.0802157222543913
2005,30-34 ans,2,0.0820978856980018
2005,35-39 ans,1,-0.0839591448926727
2005,35-39 ans,2,0.0822962025909113
2005,40-44 ans,1,-0.0744926662060821
2005,40-44 ans,2,0.0732235264528714
2005,45-49 ans,1,-0.0617381114894483
2005,45-49 ans,2,0.0588167674590795
2005,50-54 ans,1,-0.0498911244396328
2005,50-54 ans,2,0.0469429603262428
2005,55-59 ans,1,-0.037076079063913
2005,55-59 ans,2,0.0357809489471354
2005,60-64 ans,1,-0.0295700848222232
2005,60-64 ans,2,0.0279047620022757
2005,65-69 ans,1,-0.0218063587283042
2005,65-69 ans,2,0.0214175472670814
2005,70-74 ans,1,-0.0149426759935397
2005,70-74 ans,2,0.015930976143192
2005,75-79 ans,1,-0.00822919868729479
2005,75-79 ans,2,0.00967726539520894
2005,80 ans et plus,1,-0.00533072883240228
2005,80 ans et plus,2,0.00942006288485957
2005,Moins de 5 ans,1,-0.075284192868368
2005,Moins de 5 ans,2,0.0774345171223459
2006,05-09 ans,1,-0.0928904527301945
2006,05-09 ans,2,0.0916597479123006
2006,10-14 ans,1,-0.0957988220934072
2006,10-14 ans,2,0.0959606465359916
2006,15-19 ans,1,-0.103204383394982
2006,15-19 ans,2,0.101335449220467
2006,20-24 ans,1,-0.0851962258281923
2006,20-24 ans,2,0.0886487772097801
2006,25-29 ans,1,-0.0759722127530945
2006,25-29 ans,2,0.0776755449368346
2006,30-34 ans,1,-0.078976845475002
2006,30-34 ans,2,0.0803227597475764
2006,35-39 ans,1,-0.0832716793028385
2006,35-39 ans,2,0.0826338184730763
2006,40-44 ans,1,-0.0767990652358576
2006,40-44 ans,2,0.0738415246588992
2006,45-49 ans,1,-0.0608530696767123
2006,45-49 ans,2,0.0583397872657829
2006,50-54 ans,1,-0.0541363239054015
2006,50-54 ans,2,0.0512266746882262
2006,55-59 ans,1,-0.0361685292083003
2006,55-59 ans,2,0.0354546443845577
2006,60-64 ans,1,-0.0304035177606891
2006,60-64 ans,2,0.0290386865605913
2006,65-69 ans,1,-0.0222497245484733
2006,65-69 ans,2,0.0222785537265734
2006,70-74 ans,1,-0.01572512551623
2006,70-74 ans,2,0.0162249157405157
2006,75-79 ans,1,-0.008857580761881
2006,75-79 ans,2,0.00998309265997208
2006,80 ans et plus,1,-0.00570397688369121
2006,80 ans et plus,2,0.00987921656492413
2006,Moins de 5 ans,1,-0.0737924649250528
2006,Moins de 5 ans,2,0.0754961597139319
2007,05-09 ans,1,-0.0890362222997464
2007,05-09 ans,2,0.0900876552987206
2007,10-14 ans,1,-0.0935956526405064
2007,10-14 ans,2,0.0918108084957099
2007,15-19 ans,1,-0.101707289625622
2007,15-19 ans,2,0.100888301113383
2007,20-24 ans,1,-0.0853136776377469
2007,20-24 ans,2,0.0892565653177065
2007,25-29 ans,1,-0.0768073830274618
2007,25-29 ans,2,0.0786206941321271
2007,30-34 ans,1,-0.0771500849402833
2007,30-34 ans,2,0.0777825685656885
2007,35-39 ans,1,-0.0816247870754574
2007,35-39 ans,2,0.080273519782688
2007,40-44 ans,1,-0.0777524761246192
2007,40-44 ans,2,0.0759239070725924
2007,45-49 ans,1,-0.0632615906196566
2007,45-49 ans,2,0.0607390140647809
2007,50-54 ans,1,-0.0541662696231081
2007,50-54 ans,2,0.0514132432126104
2007,55-59 ans,1,-0.0386280150957145
2007,55-59 ans,2,0.0379890848084265
2007,60-64 ans,1,-0.0306979278366363
2007,60-64 ans,2,0.0296532995232183
2007,65-69 ans,1,-0.0231521088402109
2007,65-69 ans,2,0.022774555359317
2007,70-74 ans,1,-0.0161147665020943
2007,70-74 ans,2,0.0166467992943609
2007,75-79 ans,1,-0.00928933265927286
2007,75-79 ans,2,0.0108652525196418
2007,80 ans et plus,1,-0.00629144489672928
2007,80 ans et plus,2,0.0102479955179479
2007,Moins de 5 ans,1,-0.0754109705551336
2007,Moins de 5 ans,2,0.0750267359210801
2008,05-09 ans,1,-0.0891314465804378
2008,05-09 ans,2,0.0896029044415992
2008,10-14 ans,1,-0.0909565601342763
2008,10-14 ans,2,0.0891281212378939
2008,15-19 ans,1,-0.0988446033233131
2008,15-19 ans,2,0.0984658896192523
2008,20-24 ans,1,-0.0864873053924233
2008,20-24 ans,2,0.0892447760146024
2008,25-29 ans,1,-0.0778788957610267
2008,25-29 ans,2,0.080653293176702
2008,30-34 ans,1,-0.0758447206699033
2008,30-34 ans,2,0.0761601676626639
2008,35-39 ans,1,-0.0793450478155586
2008,35-39 ans,2,0.0790338482491008
2008,40-44 ans,1,-0.0786827805816158
2008,40-44 ans,2,0.0767762137669106
2008,45-49 ans,1,-0.0655947029702588
2008,45-49 ans,2,0.0631011734675149
2008,50-54 ans,1,-0.0548359443470629
2008,50-54 ans,2,0.0515926498082442
2008,55-59 ans,1,-0.040277483600907
2008,55-59 ans,2,0.0393286340096743
2008,60-64 ans,1,-0.0310131564204878
2008,60-64 ans,2,0.0302135850224439
2008,65-69 ans,1,-0.0237511108526563
2008,65-69 ans,2,0.0233420796208331
2008,70-74 ans,1,-0.0164168079951669
2008,70-74 ans,2,0.017173954280384
2008,75-79 ans,1,-0.00979991125395968
2008,75-79 ans,2,0.0114608304039273
2008,80 ans et plus,1,-0.00680792460127523
2008,80 ans et plus,2,0.0105348660873929
2008,Moins de 5 ans,1,-0.0743315976996701
2008,Moins de 5 ans,2,0.0741870131308601
2009,05-09 ans,1,-0.0864442667024965
2009,05-09 ans,2,0.088267777874959
2009,10-14 ans,1,-0.089849232649914
2009,10-14 ans,2,0.0870933919992902
2009,15-19 ans,1,-0.0969091872347786
2009,15-19 ans,2,0.0960489351158199
2009,20-24 ans,1,-0.0867081128941547
2009,20-24 ans,2,0.0886929680593084
2009,25-29 ans,1,-0.078571739897448
2009,25-29 ans,2,0.0814160357687845
2009,30-34 ans,1,-0.0742471193243524
2009,30-34 ans,2,0.0753245142930098
2009,35-39 ans,1,-0.0782226609583765
2009,35-39 ans,2,0.0782616687391211
2009,40-44 ans,1,-0.0785313858280828
2009,40-44 ans,2,0.0767207887736902
2009,45-49 ans,1,-0.0672689730746769
2009,45-49 ans,2,0.065386136168052
2009,50-54 ans,1,-0.0558521410497004
2009,50-54 ans,2,0.0521708119948085
2009,55-59 ans,1,-0.042191614648485
2009,55-59 ans,2,0.0409755354771408
2009,60-64 ans,1,-0.0315981599096498
2009,60-64 ans,2,0.030916091602226
2009,65-69 ans,1,-0.0249188834488572
2009,65-69 ans,2,0.0239213402862644
2009,70-74 ans,1,-0.0164643161793462
2009,70-74 ans,2,0.0174475982197882
2009,75-79 ans,1,-0.0103636862190333
2009,75-79 ans,2,0.0122616350172804
2009,80 ans et plus,1,-0.00713847653985729
2009,80 ans et plus,2,0.0108526158772923
2009,Moins de 5 ans,1,-0.0747200434407903
2009,Moins de 5 ans,2,0.0742421547331641
2010,05-09 ans,1,-0.0839758558973006
2010,05-09 ans,2,0.0857377474484339
2010,10-14 ans,1,-0.0892066897889903
2010,10-14 ans,2,0.0868614620483313
2010,15-19 ans,1,-0.0930747759918284
2010,15-19 ans,2,0.0921791122411897
2010,20-24 ans,1,-0.0874391657186663
2010,20-24 ans,2,0.0882554318529408
2010,25-29 ans,1,-0.0793303836959659
2010,25-29 ans,2,0.0824299967405716
2010,30-34 ans,1,-0.0734698259360503
2010,30-34 ans,2,0.0744095980082078
2010,35-39 ans,1,-0.0772066208282239
2010,35-39 ans,2,0.0779436128674226
2010,40-44 ans,1,-0.0785774369348213
2010,40-44 ans,2,0.0769267077253071
2010,45-49 ans,1,-0.0683162915205744
2010,45-49 ans,2,0.0667066211044067
2010,50-54 ans,1,-0.0569015418909698
2010,50-54 ans,2,0.053659412602324
2010,55-59 ans,1,-0.0442260455096562
2010,55-59 ans,2,0.0427314103978569
2010,60-64 ans,1,-0.0324077378296587
2010,60-64 ans,2,0.0312428428836975
2010,65-69 ans,1,-0.0250377243410191
2010,65-69 ans,2,0.0242897907903947
2010,70-74 ans,1,-0.0171622406174392
2010,70-74 ans,2,0.017929551999072
2010,75-79 ans,1,-0.0107553823945806
2010,75-79 ans,2,0.0128199238580174
2010,80 ans et plus,1,-0.00772034620426764
2010,80 ans et plus,2,0.0115293956739556
2010,Moins de 5 ans,1,-0.0751919348999876
2010,Moins de 5 ans,2,0.0743473817578704
2011,05-09 ans,1,-0.0831274807833593
2011,05-09 ans,2,0.083221049145196
2011,10-14 ans,1,-0.0886164899640211
2011,10-14 ans,2,0.0862454922155739
2011,15-19 ans,1,-0.0897914084868105
2011,15-19 ans,2,0.0895359971119737
2011,20-24 ans,1,-0.0866244104950589
2011,20-24 ans,2,0.0871223760252899
2011,25-29 ans,1,-0.0796728312937702
2011,25-29 ans,2,0.0833982467828389
2011,30-34 ans,1,-0.0740603223142613
2011,30-34 ans,2,0.075512976032237
2011,35-39 ans,1,-0.0752374747664489
2011,35-39 ans,2,0.0762171199933213
2011,40-44 ans,1,-0.078619050299782
2011,40-44 ans,2,0.0772742830840014
2011,45-49 ans,1,-0.070234034404883
2011,45-49 ans,2,0.0675988691556357
2011,50-54 ans,1,-0.0568066588470181
2011,50-54 ans,2,0.053710355828187
2011,55-59 ans,1,-0.0475637017651554
2011,55-59 ans,2,0.046109959822126
2011,60-64 ans,1,-0.0320547070780431
2011,60-64 ans,2,0.0310703027227248
2011,65-69 ans,1,-0.0255800316968111
2011,65-69 ans,2,0.0249401337815837
2011,70-74 ans,1,-0.0176534907070953
2011,70-74 ans,2,0.0186333608754069
2011,75-79 ans,1,-0.0113045410328182
2011,75-79 ans,2,0.013226111053774
2011,80 ans et plus,1,-0.00827346380821911
2011,80 ans et plus,2,0.0120560956253768
2011,Moins de 5 ans,1,-0.0747799022564446
2011,Moins de 5 ans,2,0.0741272707447533
2012,05-09 ans,1,-0.0820858247492902
2012,05-09 ans,2,0.0800271791196423
2012,10-14 ans,1,-0.0874262848494285
2012,10-14 ans,2,0.0863489242350022
2012,15-19 ans,1,-0.0873410112188116
2012,15-19 ans,2,0.0859564555805222
2012,20-24 ans,1,-0.0852654234096067
2012,20-24 ans,2,0.0865613751217622
2012,25-29 ans,1,-0.0800433738148306
2012,25-29 ans,2,0.0845852152553826
2012,30-34 ans,1,-0.0743566803979471
2012,30-34 ans,2,0.0760823524506261
2012,35-39 ans,1,-0.0738767646611741
2012,35-39 ans,2,0.0744708656810222
2012,40-44 ans,1,-0.0775005945673395
2012,40-44 ans,2,0.0758763095919312
2012,45-49 ans,1,-0.0721187648136991
2012,45-49 ans,2,0.0698128010530739
2012,50-54 ans,1,-0.0585210876890672
2012,50-54 ans,2,0.055318862787931
2012,55-59 ans,1,-0.0483680853917612
2012,55-59 ans,2,0.0465115049789024
2012,60-64 ans,1,-0.0343051834086573
2012,60-64 ans,2,0.0335726740527125
2012,65-69 ans,1,-0.0259354764776007
2012,65-69 ans,2,0.0256354294897488
2012,70-74 ans,1,-0.0184039801430385
2012,70-74 ans,2,0.0190510403018487
2012,75-79 ans,1,-0.0116170466483885
2012,75-79 ans,2,0.0136550927662649
2012,80 ans et plus,1,-0.00881942026786622
2012,80 ans et plus,2,0.0127642799190626
2012,Moins de 5 ans,1,-0.0740149974914928
2012,Moins de 5 ans,2,0.0737696376145644
2013,05-09 ans,1,-0.0818625475092202
2013,05-09 ans,2,0.0808491585944871
2013,10-14 ans,1,-0.086819880407275
2013,10-14 ans,2,0.0848500464851108
2013,15-19 ans,1,-0.0849007094920139
2013,15-19 ans,2,0.0837755748826112
2013,20-24 ans,1,-0.082202030377444
2013,20-24 ans,2,0.0831942346629367
2013,25-29 ans,1,-0.0814549215869595
2013,25-29 ans,2,0.0860487882525503
2013,30-34 ans,1,-0.0752481544546324
2013,30-34 ans,2,0.0774441727124242
2013,35-39 ans,1,-0.0727123657758968
2013,35-39 ans,2,0.0736319828958667
2013,40-44 ans,1,-0.0758429419523102
2013,40-44 ans,2,0.0752999524183878
2013,45-49 ans,1,-0.0732590537019095
2013,45-49 ans,2,0.0708532267240686
2013,50-54 ans,1,-0.0609268838909663
2013,50-54 ans,2,0.0579757098255982
2013,55-59 ans,1,-0.0491571061572324
2013,55-59 ans,2,0.0467379393652476
2013,60-64 ans,1,-0.0361095150431081
2013,60-64 ans,2,0.0350483375171441
2013,65-69 ans,1,-0.0263120490781068
2013,65-69 ans,2,0.0263411010869007
2013,70-74 ans,1,-0.01920041772763
2013,70-74 ans,2,0.0196163476065796
2013,75-79 ans,1,-0.0117141860355868
2013,75-79 ans,2,0.0140790038189134
2013,80 ans et plus,1,-0.00948951703238038
2013,80 ans et plus,2,0.0134849152750639
2013,Moins de 5 ans,1,-0.0727877197773276
2013,Moins de 5 ans,2,0.0707695078761091
2014,05-09 ans,1,-0.0822949261983927
2014,05-09 ans,2,0.0802355779945414
2014,10-14 ans,1,-0.0841099844143743
2014,10-14 ans,2,0.0835408448295975
2014,15-19 ans,1,-0.0843053619775142
2014,15-19 ans,2,0.0825117875654681
2014,20-24 ans,1,-0.0808300198423948
2014,20-24 ans,2,0.0811004342289891
2014,25-29 ans,1,-0.0805507824050117
2014,25-29 ans,2,0.0844395918129977
2014,30-34 ans,1,-0.0763766040184014
2014,30-34 ans,2,0.0791924536125484
2014,35-39 ans,1,-0.0718835130027702
2014,35-39 ans,2,0.0728382231189756
2014,40-44 ans,1,-0.0743306158408352
2014,40-44 ans,2,0.0749188846789488
2014,45-49 ans,1,-0.0739574465394888
2014,45-49 ans,2,0.0710453128893918
2014,50-54 ans,1,-0.0626537867302204
2014,50-54 ans,2,0.0605682172440698
2014,55-59 ans,1,-0.0504658026540143
2014,55-59 ans,2,0.0474438419821593
2014,60-64 ans,1,-0.0376573967026729
2014,60-64 ans,2,0.0367361616426271
2014,65-69 ans,1,-0.0271776034421702
2014,65-69 ans,2,0.0272917551505174
2014,70-74 ans,1,-0.0200525303741385
2014,70-74 ans,2,0.0204493463196362
2014,75-79 ans,1,-0.011882116052103
2014,75-79 ans,2,0.0139305534657453
2014,80 ans et plus,1,-0.0101603412376632
2014,80 ans et plus,2,0.0145176001241722
2014,Moins de 5 ans,1,-0.0713111685678342
2014,Moins de 5 ans,2,0.0692394133396143
2015,05-09 ans,1,-0.0824319239155838
2015,05-09 ans,2,0.0802806232650269
2015,10-14 ans,1,-0.0814225713320509
2015,10-14 ans,2,0.0816872410735467
2015,15-19 ans,1,-0.0844041127379224
2015,15-19 ans,2,0.0819946871448791
2015,20-24 ans,1,-0.0784653813470997
2015,20-24 ans,2,0.0787676322121248
2015,25-29 ans,1,-0.0802444697163342
2015,25-29 ans,2,0.0828281062176666
2015,30-34 ans,1,-0.0777950423782805
2015,30-34 ans,2,0.0808005554079357
2015,35-39 ans,1,-0.0713225866473976
2015,35-39 ans,2,0.0724499501951103
2015,40-44 ans,1,-0.073673511106468
2015,40-44 ans,2,0.0750948435297065
2015,45-49 ans,1,-0.074111436088344
2015,45-49 ans,2,0.0709266572843207
2015,50-54 ans,1,-0.0637210991899877
2015,50-54 ans,2,0.0621716282798335
2015,55-59 ans,1,-0.0519844819484831
2015,55-59 ans,2,0.0491405941626064
2015,60-64 ans,1,-0.0399146232078395
2015,60-64 ans,2,0.0385770641634158
2015,65-69 ans,1,-0.0278435725499969
2015,65-69 ans,2,0.0278696157331548
2015,70-74 ans,1,-0.0204238129979794
2015,70-74 ans,2,0.0208498366745419
2015,75-79 ans,1,-0.0126346617296562
2015,75-79 ans,2,0.0144371967083005
2015,80 ans et plus,1,-0.0106405250545238
2015,80 ans et plus,2,0.0153437437981749
2015,Moins de 5 ans,1,-0.0689661880520523
2015,Moins de 5 ans,2,0.0667800241496546
2016,05-09 ans,1,-0.0812593656484264
2016,05-09 ans,2,0.0792014673681824
2016,10-14 ans,1,-0.0808141796052461
2016,10-14 ans,2,0.0797999747879363
2016,15-19 ans,1,-0.0838478276211387
2016,15-19 ans,2,0.0818261866150669
2016,20-24 ans,1,-0.0764741912000633
2016,20-24 ans,2,0.0763220973144915
2016,25-29 ans,1,-0.078981896320832
2016,25-29 ans,2,0.0814948932533121
2016,30-34 ans,1,-0.0784735960302749
2016,30-34 ans,2,0.0822433203717467
2016,35-39 ans,1,-0.0716667444857035
2016,35-39 ans,2,0.0735079840510474
2016,40-44 ans,1,-0.0726995871840703
2016,40-44 ans,2,0.0737166762155796
2016,45-49 ans,1,-0.0741658345470612
2016,45-49 ans,2,0.0716226040900095
2016,50-54 ans,1,-0.0658152551028989
2016,50-54 ans,2,0.0636031693699013
2016,55-59 ans,1,-0.0518082841763104
2016,55-59 ans,2,0.0491388947582131
2016,60-64 ans,1,-0.043350430939473
2016,60-64 ans,2,0.0419825555987527
2016,65-69 ans,1,-0.0276937488117341
2016,65-69 ans,2,0.0275063574084639
2016,70-74 ans,1,-0.021207506722786
2016,70-74 ans,2,0.0216635268385026
2016,75-79 ans,1,-0.0134078884162734
2016,75-79 ans,2,0.0152607932934281
2016,80 ans et plus,1,-0.0112958337291805
2016,80 ans et plus,2,0.0160222399899999
2016,Moins de 5 ans,1,-0.067037829458527
2016,Moins de 5 ans,2,0.065087258675366
2017,05-09 ans,1,-0.0795911511870884
2017,05-09 ans,2,0.0787474457929958
2017,10-14 ans,1,-0.080122200830447
2017,10-14 ans,2,0.0780391674700176
2017,15-19 ans,1,-0.0830012451699689
2017,15-19 ans,2,0.0820712812671858
2017,20-24 ans,1,-0.073927544981943
2017,20-24 ans,2,0.0726204884966519
2017,25-29 ans,1,-0.078358223907317
2017,25-29 ans,2,0.0811416976165995
2017,30-34 ans,1,-0.0785384267386078
2017,30-34 ans,2,0.0830912606295221
2017,35-39 ans,1,-0.0729206865722783
2017,35-39 ans,2,0.0746151065682173
2017,40-44 ans,1,-0.0714708910362474
2017,40-44 ans,2,0.0718566792670134
2017,45-49 ans,1,-0.0733745587260803
2017,45-49 ans,2,0.0711607989845833
2017,50-54 ans,1,-0.0673684312856099
2017,50-54 ans,2,0.0653483460094335
2017,55-59 ans,1,-0.0541148217541295
2017,55-59 ans,2,0.0514384372329236
2017,60-64 ans,1,-0.0441461328329306
2017,60-64 ans,2,0.0426776589180878
2017,65-69 ans,1,-0.029778967134822
2017,65-69 ans,2,0.0296576402125821
2017,70-74 ans,1,-0.0217581812802858
2017,70-74 ans,2,0.0220997209665113
2017,75-79 ans,1,-0.014205871107062
2017,75-79 ans,2,0.01560612721899
2017,80 ans et plus,1,-0.0117543773354302
2017,80 ans et plus,2,0.0170175532920486
2017,Moins de 5 ans,1,-0.0655682881197518
2017,Moins de 5 ans,2,0.0628105900566362
2018,05-09 ans,1,-0.079661675227753
2018,05-09 ans,2,0.0758556767325502
2018,10-14 ans,1,-0.0795637751621928
2018,10-14 ans,2,0.0786469469071631
2018,15-19 ans,1,-0.0829709294093783
2018,15-19 ans,2,0.0815322266967299
2018,20-24 ans,1,-0.0711888530456987
2018,20-24 ans,2,0.069700060235641
2018,25-29 ans,1,-0.0763812351682177
2018,25-29 ans,2,0.0790236665376581
2018,30-34 ans,1,-0.079715839607151
2018,30-34 ans,2,0.0842426411055744
2018,35-39 ans,1,-0.0738709348713112
2018,35-39 ans,2,0.0760683753001514
2018,40-44 ans,1,-0.0706917005836923
2018,40-44 ans,2,0.0713675882271812
2018,45-49 ans,1,-0.0719405429445592
2018,45-49 ans,2,0.0707117498419462
2018,50-54 ans,1,-0.0688041774006203
2018,50-54 ans,2,0.0667446299425815
2018,55-59 ans,1,-0.0564130134135157
2018,55-59 ans,2,0.0539462208574124
2018,60-64 ans,1,-0.0452754736389414
2018,60-64 ans,2,0.0430014162465463
2018,65-69 ans,1,-0.0313110238299194
2018,65-69 ans,2,0.031042674972252
2018,70-74 ans,1,-0.0224193571323533
2018,70-74 ans,2,0.0228654547401543
2018,75-79 ans,1,-0.0148045190267251
2018,75-79 ans,2,0.016123461129632
2018,80 ans et plus,1,-0.012301238230321
2018,80 ans et plus,2,0.0177115601862945
2018,Moins de 5 ans,1,-0.0626857113076497
2018,Moins de 5 ans,2,0.0614156503405317
2019,05-09 ans,1,-0.0778030989119086
2019,05-09 ans,2,0.0745635232575864
2019,10-14 ans,1,-0.0803094864304946
2019,10-14 ans,2,0.0785486835391938
2019,15-19 ans,1,-0.0807804374734478
2019,15-19 ans,2,0.0804814873386957
2019,20-24 ans,1,-0.070978128605481
2019,20-24 ans,2,0.0685684892905519
2019,25-29 ans,1,-0.0744125854905622
2019,25-29 ans,2,0.0764602679207866
2019,30-34 ans,1,-0.0794579827721336
2019,30-34 ans,2,0.0837302951886533
2019,35-39 ans,1,-0.0756440518538479
2019,35-39 ans,2,0.0779316932663464
2019,40-44 ans,1,-0.0698844384638122
2019,40-44 ans,2,0.0709563862640642
2019,45-49 ans,1,-0.0709389258415024
2019,45-49 ans,2,0.0707016459140622
2019,50-54 ans,1,-0.0693176629850094
2019,50-54 ans,2,0.066972409235539
2019,55-59 ans,1,-0.0581467384337094
2019,55-59 ans,2,0.0562878344546311
2019,60-64 ans,1,-0.0465101253082202
2019,60-64 ans,2,0.0440699602195328
2019,65-69 ans,1,-0.0330929910179237
2019,65-69 ans,2,0.0325429934756729
2019,70-74 ans,1,-0.0229625653729598
2019,70-74 ans,2,0.0238901003361512
2019,75-79 ans,1,-0.0156427886666546
2019,75-79 ans,2,0.0167440820023265
2019,80 ans et plus,1,-0.0131621936697804
2019,80 ans et plus,2,0.0183169823300104
2019,Moins de 5 ans,1,-0.0609557987025525
2019,Moins de 5 ans,2,0.0592331659661959
2020,05-09 ans,1,-0.0746596728121682
2020,05-09 ans,2,0.071821797699274
2020,10-14 ans,1,-0.0808819149200485
2020,10-14 ans,2,0.0786027153758544
2020,15-19 ans,1,-0.0783506645512264
2020,15-19 ans,2,0.0789994103798144
2020,20-24 ans,1,-0.0713490894490136
2020,20-24 ans,2,0.0688527103648756
2020,25-29 ans,1,-0.0719529512337658
2020,25-29 ans,2,0.0736520819340149
2020,30-34 ans,1,-0.0795129501083419
2020,30-34 ans,2,0.0827113306496478
2020,35-39 ans,1,-0.0767556147480594
2020,35-39 ans,2,0.0795327965799896
2020,40-44 ans,1,-0.07008191541801
2020,40-44 ans,2,0.0707985336544028
2020,45-49 ans,1,-0.0702887888853401
2020,45-49 ans,2,0.0710968301664033
2020,50-54 ans,1,-0.0699262597341779
2020,50-54 ans,2,0.0672598640594422
2020,55-59 ans,1,-0.0591435917769573
2020,55-59 ans,2,0.0577408053689929
2020,60-64 ans,1,-0.0480524693214614
2020,60-64 ans,2,0.0456556622509443
2020,65-69 ans,1,-0.0353362368150744
2020,65-69 ans,2,0.0345870339813136
2020,70-74 ans,1,-0.0233256996009451
2020,70-74 ans,2,0.0243679418456007
2020,75-79 ans,1,-0.0162147380578116
2020,75-79 ans,2,0.0172580926948938
2020,80 ans et plus,1,-0.0139823325409447
2020,80 ans et plus,2,0.0193993731130679
2020,Moins de 5 ans,1,-0.0601851100266535
2020,Moins de 5 ans,2,0.0576630198814674
